-- MySqlBackup.NET 2.0.4
-- Dump Time: 2021-05-15 12:00:10
-- --------------------------------------
-- Server version 8.0.23 MySQL Community Server - GPL


/*!40101 SET @OLD_CHARACTER_SET_CLIENT=@@CHARACTER_SET_CLIENT */;
/*!40101 SET @OLD_CHARACTER_SET_RESULTS=@@CHARACTER_SET_RESULTS */;
/*!40101 SET @OLD_COLLATION_CONNECTION=@@COLLATION_CONNECTION */;
/*!40101 SET NAMES utf8mb4 */;
/*!40014 SET @OLD_UNIQUE_CHECKS=@@UNIQUE_CHECKS, UNIQUE_CHECKS=0 */;
/*!40014 SET @OLD_FOREIGN_KEY_CHECKS=@@FOREIGN_KEY_CHECKS, FOREIGN_KEY_CHECKS=0 */;
/*!40101 SET @OLD_SQL_MODE=@@SQL_MODE, SQL_MODE='NO_AUTO_VALUE_ON_ZERO' */;
/*!40111 SET @OLD_SQL_NOTES=@@SQL_NOTES, SQL_NOTES=0 */;


-- 
-- Definition of Bike_Model
-- 

DROP TABLE IF EXISTS `Bike_Model`;
CREATE TABLE IF NOT EXISTS `Bike_Model` (
  `idBike_Model` int NOT NULL AUTO_INCREMENT,
  `Color` varchar(45) DEFAULT NULL,
  `Size` varchar(45) DEFAULT NULL,
  `Type_Model` varchar(45) DEFAULT NULL,
  PRIMARY KEY (`idBike_Model`)
) ENGINE=InnoDB AUTO_INCREMENT=79 DEFAULT CHARSET=utf8mb4 COLLATE=utf8mb4_0900_ai_ci;

-- 
-- Dumping data for table Bike_Model
-- 

/*!40000 ALTER TABLE `Bike_Model` DISABLE KEYS */;
INSERT INTO `Bike_Model`(`idBike_Model`,`Color`,`Size`,`Type_Model`) VALUES
(1,'Red','26','City'),
(2,'Blue','26','City'),
(3,'Black','26','City'),
(4,'Red','28','City'),
(5,'Blue','28','City'),
(6,'Black','28','City'),
(7,'Red','26','Adventure'),
(8,'Blue','26','Adventure'),
(9,'Black','26','Adventure'),
(10,'Red','28','Adventure'),
(11,'Blue','28','Adventure'),
(12,'Black','28','Adventure'),
(13,'Red','26','Explorer'),
(14,'Blue','26','Explorer'),
(15,'Black','26','Explorer'),
(16,'Red','28','Explorer'),
(17,'Blue','28','Explorer'),
(18,'Black','28','Explorer'),
(41,'Red','26','tandem'),
(42,'Black','26','test'),
(43,'Red','26','Electric'),
(44,'Red','28','Electric'),
(45,'Black','26','Electric'),
(46,'Black','28','Electric'),
(47,'Blue','26','Electric'),
(48,'Blue','28','Electric'),
(49,'Red','26','tricycle'),
(50,'Red','28','tricycle'),
(51,'Black','26','tricycle'),
(52,'Black','28','tricycle'),
(53,'Blue','26','tricycle'),
(54,'Blue','28','tricycle'),
(72,'Red','26','Velo personalisé'),
(73,'Red','28','Velo personalisé'),
(74,'Red','26','test'),
(75,'Red','26','Mixalis '),
(76,'Red','26','t'),
(77,'Red','26','abcd '),
(78,'Red','26','Manager');
/*!40000 ALTER TABLE `Bike_Model` ENABLE KEYS */;

-- 
-- Definition of Bike_Parts
-- 

DROP TABLE IF EXISTS `Bike_Parts`;
CREATE TABLE IF NOT EXISTS `Bike_Parts` (
  `Id_Bike_Parts` int NOT NULL AUTO_INCREMENT,
  `Bike_Parts_Name` varchar(45) NOT NULL,
  `Quantity` int NOT NULL,
  `Location` varchar(45) NOT NULL,
  `Price` decimal(10,0) NOT NULL,
  `Provider` varchar(45) NOT NULL,
  `Time_To_Build` varchar(45) NOT NULL,
  PRIMARY KEY (`Id_Bike_Parts`)
) ENGINE=InnoDB AUTO_INCREMENT=77 DEFAULT CHARSET=utf8mb4 COLLATE=utf8mb4_0900_ai_ci;

-- 
-- Dumping data for table Bike_Parts
-- 

/*!40000 ALTER TABLE `Bike_Parts` DISABLE KEYS */;
INSERT INTO `Bike_Parts`(`Id_Bike_Parts`,`Bike_Parts_Name`,`Quantity`,`Location`,`Price`,`Provider`,`Time_To_Build`) VALUES
(1,'kit de frein',-22,'k1',56,'TZUSCRLS','4'),
(2,'kit vitesse',24,'k2',50,'JHDFMJJX','15'),
(3,'cadre_red_26',-1,'c3',150,'QNBVSFJS','1'),
(4,'cadre_blue_26',-18,'c4',150,'QNBVSFJS','1'),
(5,'cadre_black_26',3,'c5',150,'QNBVSFJS','1'),
(6,'cadre_red_28',8,'c6',150,'QNBVSFJS','1'),
(7,'cadre_blue_28',11,'c7',150,'QNBVSFJS','1'),
(8,'cadre_black_28',11,'c8',150,'QNBVSFJS','1'),
(9,'cadre renforcé_red_26',6,'c9',200,'EPROXATW','6'),
(10,'cadre renforcé_blue_26',0,'c10',200,'EPROXATW','6'),
(11,'cadre renforcé_black_26',-10,'c11',200,'EPROXATW','6'),
(12,'cadre renforcé_red_28',10,'c12',200,'EPROXATW','6'),
(13,'cadre renforcé_blue_28',10,'c13',200,'EPROXATW','6'),
(14,'cadre renforcé_black_28',10,'c14',200,'EPROXATW','6'),
(15,'kit pédalier',-120,'k5',12,'VAHODPHQ','7'),
(16,'cassette de pignons',-145,'z6',38,'XJAHIEVP','14'),
(17,'catadioptre',-580,'z7',1,'RZXJEDSF','1'),
(18,'chaîne',-145,'z8',20,'WFFXKACX','11'),
(19,'garde-boue_red_26',2,'g9',8,'NFFKDBYZ','5'),
(20,'garde-boue_blue_26',-73,'g10',8,'NFFKDBYZ','5'),
(21,'garde-boue_black_26',-19,'g11',8,'NFFKDBYZ','5'),
(22,'garde-boue_red_28',11,'g12',8,'NFFKDBYZ','5'),
(23,'garde-boue_blue_28',11,'g13',8,'NFFKDBYZ','5'),
(24,'garde-boue_black_28',11,'g14',8,'NFFKDBYZ','5'),
(25,'garde-boue large_26',-52,'g15',13,'ZHWXORAB','8'),
(26,'garde-boue large_28',10,'g16',13,'ZHWXORAB','8'),
(27,'chambre à air',-306,'z11',5,'ZTMXWHCP','3'),
(28,'dérailleur',-145,'d12',77,'PHDOEEUE','3'),
(29,'disque de frien',-240,'d13',60,'AYDCTNBU','9'),
(30,'éclairage',-86,'e14',2,'NSIZCRCI','7'),
(31,'fourche_26',-172,'f15',76,'YIXYPOIO','5'),
(32,'fourche_28',12,'f16',76,'YIXYPOIO','5'),
(33,'guidon',-170,'g17',37,'KZJDTXPB','14'),
(34,'plateau',-170,'p17',15,'XMKHRNBQ','11'),
(35,'pneu_26',-220,'p18',16,'VOXBZOHF','1'),
(36,'pneu_28',24,'p19',16,'VOXBZOHF','1'),
(37,'pneu large_26',-104,'p20',22,'CNNILLQL','3'),
(38,'pneu large_28',20,'p21',22,'CNNILLQL','3'),
(39,'porte-bagage',-136,'p22',38,'OBUQWIIF','10'),
(40,'roue_26',-344,'r21',40,'QCPVKHRC','14'),
(41,'roue_28',24,'r22',40,'QCPVKHRC','14'),
(42,'selle',-170,'s22',29,'VNNWLFYS','10'),
(52,'béquille',-170,'b0',10,'TRXYXUYA','9');
/*!40000 ALTER TABLE `Bike_Parts` ENABLE KEYS */;

-- 
-- Definition of Bikes
-- 

DROP TABLE IF EXISTS `Bikes`;
CREATE TABLE IF NOT EXISTS `Bikes` (
  `Bikes_Id` int NOT NULL AUTO_INCREMENT,
  `Bike_Type` varchar(45) DEFAULT NULL,
  `Price` decimal(10,0) DEFAULT NULL,
  `Bike_total_time` varchar(20) DEFAULT NULL,
  PRIMARY KEY (`Bikes_Id`),
  KEY `Type` (`Bike_Type`)
) ENGINE=InnoDB AUTO_INCREMENT=7 DEFAULT CHARSET=utf8mb4 COLLATE=utf8mb4_0900_ai_ci;

-- 
-- Dumping data for table Bikes
-- 

/*!40000 ALTER TABLE `Bikes` DISABLE KEYS */;

/*!40000 ALTER TABLE `Bikes` ENABLE KEYS */;

-- 
-- Definition of Detailed_Schedules
-- 

DROP TABLE IF EXISTS `Detailed_Schedules`;
CREATE TABLE IF NOT EXISTS `Detailed_Schedules` (
  `Week_Name` int NOT NULL,
  `Id_Order_Details` int NOT NULL,
  `Assembled_by` varchar(45) DEFAULT NULL,
  `Started` varchar(50) DEFAULT NULL,
  `Finished` varchar(50) DEFAULT NULL,
  PRIMARY KEY (`Week_Name`,`Id_Order_Details`),
  KEY `FK_schedules` (`Week_Name`),
  KEY `FK_Details_idx` (`Id_Order_Details`),
  CONSTRAINT `FK_Details` FOREIGN KEY (`Id_Order_Details`) REFERENCES `Order_Details` (`Id_Order_Details`) ON DELETE CASCADE ON UPDATE CASCADE
) ENGINE=InnoDB DEFAULT CHARSET=utf8mb4 COLLATE=utf8mb4_0900_ai_ci;

-- 
-- Dumping data for table Detailed_Schedules
-- 

/*!40000 ALTER TABLE `Detailed_Schedules` DISABLE KEYS */;
INSERT INTO `Detailed_Schedules`(`Week_Name`,`Id_Order_Details`,`Assembled_by`,`Started`,`Finished`) VALUES
(17,3700,NULL,NULL,NULL),
(17,3753,NULL,NULL,NULL),
(17,3755,NULL,NULL,NULL),
(17,3756,NULL,NULL,NULL),
(17,3757,NULL,NULL,NULL),
(17,3758,NULL,NULL,NULL),
(17,3819,NULL,NULL,NULL),
(17,3824,NULL,NULL,NULL),
(17,3825,'Assembler1','23/4/2021 19:9','23/4/2021 19:9'),
(17,3828,NULL,NULL,NULL),
(17,3829,NULL,NULL,NULL),
(17,3830,NULL,NULL,NULL),
(17,3831,'Assembler1','19/4/2021 18:54','19/4/2021 18:55'),
(17,3832,'Assembler1','19/4/2021 18:54','19/4/2021 18:55'),
(17,3833,'Assembler1','19/4/2021 18:54','19/4/2021 18:55'),
(17,3834,'Assembler1','19/4/2021 18:54','19/4/2021 18:55'),
(17,3835,'Assembler1','19/4/2021 18:54','19/4/2021 18:55'),
(17,3836,'Assembler1','19/4/2021 18:54','19/4/2021 18:55'),
(17,3837,NULL,NULL,NULL),
(17,3838,'Assembler1','19/4/2021 18:55','19/4/2021 18:56'),
(17,3839,'Assembler1','19/4/2021 18:55','19/4/2021 18:56'),
(17,3840,'Assembler1','19/4/2021 18:55','19/4/2021 18:56'),
(17,3841,'Assembler1','19/4/2021 18:55','19/4/2021 18:56'),
(17,3842,'Assembler1','19/4/2021 18:55','19/4/2021 18:56'),
(17,3843,'Assembler1','19/4/2021 18:54','19/4/2021 18:56'),
(17,3844,'Assembler1','19/4/2021 18:54','19/4/2021 18:56'),
(17,3845,'Assembler1','19/4/2021 18:54','19/4/2021 18:56'),
(17,3846,'Assembler1','19/4/2021 18:54','19/4/2021 18:56'),
(17,3847,'Assembler1','19/4/2021 18:54','19/4/2021 18:56'),
(17,3848,'Assembler1','19/4/2021 18:54','19/4/2021 18:56'),
(17,3849,'Assembler1','19/4/2021 18:54','19/4/2021 18:56'),
(17,3850,'Assembler1','19/4/2021 18:54','19/4/2021 18:56'),
(17,3851,'Assembler1','19/4/2021 18:54','19/4/2021 18:56'),
(17,3852,'Assembler1','19/4/2021 18:54','19/4/2021 18:56'),
(17,3853,'Assembler1','19/4/2021 18:54','19/4/2021 18:56'),
(17,3854,'Assembler1','19/4/2021 18:54','19/4/2021 18:56'),
(17,3862,NULL,NULL,NULL),
(17,3863,NULL,NULL,NULL),
(17,3879,NULL,NULL,NULL),
(17,3881,NULL,NULL,NULL),
(17,3884,NULL,NULL,NULL),
(18,3624,NULL,NULL,NULL),
(18,3629,NULL,NULL,NULL),
(18,3680,NULL,NULL,NULL),
(18,3681,NULL,NULL,NULL),
(18,3682,NULL,NULL,NULL),
(18,3683,NULL,NULL,NULL),
(18,3684,NULL,NULL,NULL),
(18,3689,NULL,NULL,NULL),
(18,3690,NULL,NULL,NULL),
(18,3691,NULL,NULL,NULL),
(18,3692,NULL,NULL,NULL),
(18,3693,NULL,NULL,NULL),
(18,3694,NULL,NULL,NULL),
(18,3701,NULL,NULL,NULL),
(18,3702,NULL,NULL,NULL),
(18,3704,NULL,NULL,NULL),
(18,3735,NULL,NULL,NULL),
(18,3736,NULL,NULL,NULL),
(18,3737,NULL,NULL,NULL),
(18,3738,NULL,NULL,NULL),
(18,3739,NULL,NULL,NULL),
(18,3755,NULL,NULL,NULL),
(18,3759,NULL,NULL,NULL),
(18,3760,NULL,NULL,NULL),
(18,3761,NULL,NULL,NULL),
(18,3762,NULL,NULL,NULL),
(18,3763,NULL,NULL,NULL),
(18,3764,NULL,NULL,NULL),
(18,3765,NULL,NULL,NULL),
(18,3766,NULL,NULL,NULL),
(18,3767,NULL,NULL,NULL),
(18,3768,NULL,NULL,NULL),
(18,3769,NULL,NULL,NULL),
(18,3770,NULL,NULL,NULL),
(18,3771,NULL,NULL,NULL),
(18,3772,NULL,NULL,NULL),
(18,3773,NULL,NULL,NULL),
(18,3774,NULL,NULL,NULL),
(18,3805,NULL,NULL,NULL),
(18,3806,NULL,NULL,NULL),
(18,3807,NULL,NULL,NULL),
(18,3822,NULL,NULL,NULL),
(18,3869,NULL,NULL,NULL),
(19,3683,NULL,NULL,NULL),
(19,3684,NULL,NULL,NULL),
(19,3702,NULL,NULL,NULL),
(19,3704,NULL,NULL,NULL),
(19,3735,NULL,NULL,NULL),
(19,3736,NULL,NULL,NULL),
(19,3737,NULL,NULL,NULL),
(19,3738,NULL,NULL,NULL),
(19,3739,NULL,NULL,NULL),
(19,3740,NULL,NULL,NULL),
(19,3741,NULL,NULL,NULL),
(19,3742,NULL,NULL,NULL),
(19,3743,NULL,NULL,NULL),
(19,3744,NULL,NULL,NULL),
(19,3745,NULL,NULL,NULL),
(19,3746,NULL,NULL,NULL),
(19,3796,NULL,NULL,NULL),
(19,3797,NULL,NULL,NULL),
(19,3798,NULL,NULL,NULL),
(19,3799,NULL,NULL,NULL),
(19,3800,NULL,NULL,NULL),
(19,3801,NULL,NULL,NULL),
(19,3802,NULL,NULL,NULL),
(19,3803,NULL,NULL,NULL),
(19,3804,NULL,NULL,NULL),
(19,3868,NULL,NULL,NULL),
(19,3891,NULL,NULL,NULL),
(19,3896,NULL,NULL,NULL),
(19,3897,NULL,NULL,NULL),
(19,3988,NULL,NULL,NULL),
(19,3989,NULL,NULL,NULL),
(19,3990,NULL,NULL,NULL),
(19,3991,NULL,NULL,NULL),
(19,3992,NULL,NULL,NULL),
(19,3993,NULL,NULL,NULL),
(19,3994,NULL,NULL,NULL),
(19,3995,NULL,NULL,NULL),
(19,3996,NULL,NULL,NULL),
(19,3997,NULL,NULL,NULL),
(19,3998,NULL,NULL,NULL),
(19,3999,NULL,NULL,NULL),
(19,4000,NULL,NULL,NULL),
(19,4001,NULL,NULL,NULL),
(19,4002,NULL,NULL,NULL),
(19,4003,NULL,NULL,NULL),
(19,4004,'Assembler1','5/5/2021 18:56','5/5/2021 18:57'),
(19,4005,'Assembler1','5/5/2021 18:56','5/5/2021 18:57'),
(19,4006,'Assembler1','5/5/2021 18:56','5/5/2021 18:57'),
(19,4007,'Assembler1','5/5/2021 18:56','5/5/2021 18:57'),
(19,4008,'Assembler1','5/5/2021 18:56','5/5/2021 18:57'),
(19,4009,'Assembler1','5/5/2021 18:56','5/5/2021 18:57'),
(19,4010,'Assembler1','5/5/2021 18:56','5/5/2021 18:57'),
(19,4011,'Assembler1','5/5/2021 18:56','5/5/2021 18:57'),
(19,4012,'Assembler1','5/5/2021 18:56','5/5/2021 18:57'),
(19,4013,'Assembler1','5/5/2021 18:56','5/5/2021 18:57'),
(19,4014,'Assembler1','5/5/2021 18:56','5/5/2021 18:57'),
(19,4015,NULL,NULL,NULL),
(19,4016,'Assembler1','5/5/2021 18:56','5/5/2021 18:57'),
(19,4017,'Assembler1','5/5/2021 18:56','5/5/2021 18:57'),
(19,4018,'Assembler1','5/5/2021 18:56','5/5/2021 18:56'),
(19,4019,'Assembler1','5/5/2021 18:56','5/5/2021 18:56'),
(19,4021,'Assembler1','5/5/2021 18:56','5/5/2021 18:56'),
(19,4030,NULL,NULL,NULL),
(19,4031,NULL,NULL,NULL),
(19,4032,NULL,NULL,NULL),
(19,4033,NULL,NULL,NULL),
(19,4034,NULL,NULL,NULL),
(19,4035,NULL,NULL,NULL),
(19,4036,NULL,NULL,NULL),
(19,4037,NULL,NULL,NULL),
(19,4038,NULL,NULL,NULL),
(19,4039,NULL,NULL,NULL),
(19,4040,NULL,NULL,NULL),
(19,4041,NULL,NULL,NULL),
(19,4042,NULL,NULL,NULL),
(19,4043,NULL,NULL,NULL),
(19,4044,NULL,NULL,NULL),
(19,4045,NULL,NULL,NULL),
(19,4046,NULL,NULL,NULL),
(19,4047,NULL,NULL,NULL),
(19,4048,NULL,NULL,NULL),
(20,3747,NULL,NULL,NULL),
(20,3748,NULL,NULL,NULL),
(20,3749,NULL,NULL,NULL),
(20,3750,NULL,NULL,NULL),
(20,3751,NULL,NULL,NULL),
(20,3809,NULL,NULL,NULL),
(20,3810,NULL,NULL,NULL),
(20,3811,NULL,NULL,NULL),
(20,3812,NULL,NULL,NULL),
(20,3813,NULL,NULL,NULL),
(20,3814,NULL,NULL,NULL),
(20,3815,NULL,NULL,NULL),
(20,3816,NULL,NULL,NULL),
(20,3817,NULL,NULL,NULL),
(20,3818,NULL,NULL,NULL),
(20,3820,NULL,NULL,NULL),
(20,3821,NULL,NULL,NULL),
(20,3823,NULL,NULL,NULL),
(20,3864,NULL,NULL,NULL),
(20,3875,NULL,NULL,NULL),
(20,3876,NULL,NULL,NULL),
(20,3877,NULL,NULL,NULL),
(20,3878,NULL,NULL,NULL),
(20,3885,NULL,NULL,NULL),
(21,3697,NULL,NULL,NULL),
(21,3698,NULL,NULL,NULL),
(21,3795,NULL,NULL,NULL),
(21,3808,NULL,NULL,NULL),
(21,3826,NULL,NULL,NULL),
(21,3827,NULL,NULL,NULL),
(21,3892,NULL,NULL,NULL),
(21,3893,NULL,NULL,NULL),
(21,3894,NULL,NULL,NULL),
(21,3895,NULL,NULL,NULL),
(21,4051,'Assembler1','5/5/2021 19:1','5/5/2021 19:1'),
(22,4020,NULL,NULL,NULL),
(22,4022,NULL,NULL,NULL),
(22,4023,NULL,NULL,NULL),
(22,4024,NULL,NULL,NULL),
(22,4025,NULL,NULL,NULL),
(22,4026,NULL,NULL,NULL),
(22,4027,NULL,NULL,NULL),
(22,4028,NULL,NULL,NULL),
(22,4029,NULL,NULL,NULL),
(23,3699,NULL,NULL,NULL),
(23,3752,NULL,NULL,NULL),
(23,3754,NULL,NULL,NULL),
(24,3886,NULL,NULL,NULL),
(24,3887,NULL,NULL,NULL),
(24,3888,NULL,NULL,NULL),
(24,3889,NULL,NULL,NULL),
(25,3879,NULL,NULL,NULL),
(25,3880,NULL,NULL,NULL),
(25,3881,NULL,NULL,NULL),
(26,3880,NULL,NULL,NULL),
(26,3882,NULL,NULL,NULL),
(26,3883,NULL,NULL,NULL);
/*!40000 ALTER TABLE `Detailed_Schedules` ENABLE KEYS */;

-- 
-- Definition of Order_Bikes
-- 

DROP TABLE IF EXISTS `Order_Bikes`;
CREATE TABLE IF NOT EXISTS `Order_Bikes` (
  `Id_Order` int NOT NULL AUTO_INCREMENT,
  `Customer_Name` varchar(45) NOT NULL,
  `Total_Price` decimal(10,0) NOT NULL,
  `Order_Date` varchar(45) NOT NULL,
  `Shipping_Time` varchar(45) NOT NULL,
  PRIMARY KEY (`Id_Order`),
  KEY `Primaire` (`Customer_Name`)
) ENGINE=InnoDB AUTO_INCREMENT=360 DEFAULT CHARSET=utf8mb4 COLLATE=utf8mb4_0900_ai_ci;

-- 
-- Dumping data for table Order_Bikes
-- 

/*!40000 ALTER TABLE `Order_Bikes` DISABLE KEYS */;
INSERT INTO `Order_Bikes`(`Id_Order`,`Customer_Name`,`Total_Price`,`Order_Date`,`Shipping_Time`) VALUES
(337,'Stock',16225,'10/04/2021 18:19:53','17/04/2021 00:00:00'),
(338,'Stock',882,'10/04/2021 21:04:47','17/04/2021 00:00:00'),
(339,'Test',262944,'10/04/2021 21:07:38','05/06/2021 00:00:00'),
(340,'Stock',8820,'17/04/2021 11:54:15','10/07/2021 00:00:00'),
(341,'Stock',258700,'19/04/2021 14:00:47','14/06/2021 00:00:00'),
(342,'Decathlon',25870,'19/04/2021 14:07:36','24/05/2021 00:00:00'),
(343,'Stock',25870,'19/04/2021 15:42:03','26/04/2021 00:00:00'),
(344,'Eric',25870,'19/04/2021 15:48:45','26/04/2021 00:00:00'),
(345,'Stock',25870,'19/04/2021 17:07:25','03/05/2021 00:00:00'),
(346,'Andre',26430,'19/04/2021 17:48:24','03/05/2021 00:00:00'),
(347,'Stock',26430,'19/04/2021 17:49:03','03/05/2021 00:00:00'),
(348,'Theo',26730,'19/04/2021 18:24:00','03/05/2021 00:00:00'),
(349,'Stock',26730,'19/04/2021 18:25:55','10/05/2021 00:00:00'),
(350,'Other_test',25870,'19/04/2021 18:53:52','10/05/2021 00:00:00'),
(351,'Stock',8910,'19/04/2021 21:07:08','03/05/2021 00:00:00'),
(352,'Matthieu',4455,'19/04/2021 21:19:42','03/05/2021 00:00:00'),
(353,'testing',25870,'19/04/2021 21:42:43','10/05/2021 00:00:00'),
(354,'Stock',1762,'22-04-21 16:02:53','13-05-21 00:00:00'),
(355,'Stock',25870,'24/04/2021 18:45:03','26/06/2021 00:00:00'),
(356,'Check_button',25870,'24/04/2021 18:45:33','03/07/2021 00:00:00'),
(357,'Adrien',58752,'02/05/2021 15:56:11','11/07/2021 00:00:00'),
(358,'Test',4405,'05-05-21 14:42:00','14-07-21 00:00:00'),
(359,'Stock',17280,'05/05/2021 18:54:05','21/07/2021 00:00:00');
/*!40000 ALTER TABLE `Order_Bikes` ENABLE KEYS */;

-- 
-- Definition of Order_Detailed_Part
-- 

DROP TABLE IF EXISTS `Order_Detailed_Part`;
CREATE TABLE IF NOT EXISTS `Order_Detailed_Part` (
  `idOrder_Detailed_Part` int NOT NULL AUTO_INCREMENT,
  `Id_Order` int DEFAULT NULL,
  `Id_Bike_Parts` int NOT NULL,
  `Quantity` int DEFAULT NULL,
  `Price` int DEFAULT NULL,
  `State` varchar(45) DEFAULT NULL,
  PRIMARY KEY (`idOrder_Detailed_Part`,`Id_Bike_Parts`),
  UNIQUE KEY `idOrder_Detailed_Part_UNIQUE` (`idOrder_Detailed_Part`),
  KEY `FK_Bike_Parts_idx` (`Id_Bike_Parts`),
  CONSTRAINT `FK_Bike_Parts` FOREIGN KEY (`Id_Bike_Parts`) REFERENCES `Bike_Parts` (`Id_Bike_Parts`)
) ENGINE=InnoDB AUTO_INCREMENT=866 DEFAULT CHARSET=utf8mb4 COLLATE=utf8mb4_0900_ai_ci;

-- 
-- Dumping data for table Order_Detailed_Part
-- 

/*!40000 ALTER TABLE `Order_Detailed_Part` DISABLE KEYS */;
INSERT INTO `Order_Detailed_Part`(`idOrder_Detailed_Part`,`Id_Order`,`Id_Bike_Parts`,`Quantity`,`Price`,`State`) VALUES
(531,61,1,28,2212,'Received'),
(532,61,2,28,1400,'Received'),
(533,61,3,12,1800,'Received'),
(534,61,15,28,336,'Received'),
(535,61,16,28,1064,'Received'),
(536,61,17,112,112,'Received'),
(537,61,18,28,560,'Received'),
(538,61,19,11,88,'Received'),
(539,61,27,55,275,'Received'),
(540,61,28,28,2156,'Received'),
(541,61,29,56,3360,'Received'),
(542,61,30,22,44,'Received'),
(543,61,31,19,1444,'Received'),
(544,61,33,28,1036,'Received'),
(545,61,34,28,420,'Received'),
(546,61,35,26,416,'Received'),
(547,61,39,22,836,'Received'),
(548,61,40,38,1520,'Received'),
(549,61,42,28,812,'Received'),
(550,61,52,28,280,'Received'),
(551,61,4,12,1800,'Received'),
(552,61,20,11,88,'Received'),
(553,61,5,12,1800,'Received'),
(554,61,21,11,88,'Received'),
(555,61,6,12,1800,'Received'),
(556,61,22,11,88,'Received'),
(557,61,32,19,1444,'Received'),
(558,61,36,26,416,'Received'),
(559,61,41,38,1520,'Received'),
(560,61,7,12,1800,'Received'),
(561,61,23,11,88,'Received'),
(562,61,8,12,1800,'Received'),
(563,61,24,11,88,'Received'),
(564,61,25,16,208,'Received'),
(565,61,37,32,704,'Received'),
(566,61,26,16,208,'Received'),
(567,61,38,32,704,'Received'),
(568,61,9,11,2200,'Received'),
(569,61,10,11,2200,'Received'),
(570,61,11,11,2200,'Received'),
(571,61,12,11,2200,'Received'),
(572,61,13,11,2200,'Received'),
(573,61,14,11,2200,'Received'),
(574,62,1,44,3476,'Received'),
(575,62,2,44,2200,'Received'),
(576,62,3,38,5700,'Received'),
(577,62,15,44,528,'Received'),
(578,62,16,44,1672,'Received'),
(579,62,17,176,176,'Received'),
(580,62,18,44,880,'Received'),
(581,62,19,37,296,'Received'),
(582,62,27,51,255,'Received'),
(583,62,28,44,3388,'Received'),
(584,62,29,88,5280,'Received'),
(585,62,30,44,88,'Received'),
(586,62,31,42,3192,'Received'),
(587,62,33,44,1628,'Received'),
(588,62,34,44,660,'Received'),
(589,62,35,78,1248,'Received'),
(590,62,39,44,1672,'Received'),
(591,62,40,84,3360,'Received'),
(592,62,42,44,1276,'Received'),
(593,62,52,44,440,'Received'),
(594,62,4,2,300,'Received'),
(595,62,20,1,8,'Received'),
(596,62,5,2,300,'Received'),
(597,62,21,1,8,'Received'),
(598,62,7,1,150,'Received'),
(599,62,23,1,8,'Received'),
(600,62,32,2,152,'Received'),
(601,62,36,4,64,'Received'),
(602,62,41,4,160,'Received'),
(603,62,8,1,150,'Received'),
(604,62,24,1,8,'Received'),
(605,62,25,3,39,'Received'),
(606,62,37,6,132,'Received'),
(607,63,1,33,2607,'Not Received'),
(608,63,2,33,1650,'Not Received'),
(609,63,6,1,150,'Not Received'),
(610,63,15,33,396,'Not Received'),
(611,63,16,33,1254,'Not Received'),
(612,63,17,132,132,'Not Received'),
(613,63,18,33,660,'Not Received'),
(614,63,26,6,78,'Not Received'),
(615,63,27,42,210,'Not Received'),
(616,63,28,33,2541,'Not Received'),
(617,63,29,66,3960,'Not Received'),
(618,63,30,27,54,'Not Received'),
(619,63,32,6,456,'Not Received'),
(620,63,33,33,1221,'Not Received'),
(621,63,34,33,495,'Not Received'),
(622,63,38,12,264,'Not Received'),
(623,63,39,27,1026,'Not Received'),
(624,63,41,12,480,'Not Received'),
(625,63,42,33,957,'Not Received'),
(626,63,52,33,330,'Not Received'),
(627,63,7,1,150,'Not Received'),
(628,63,8,1,150,'Not Received'),
(629,63,9,1,200,'Not Received'),
(630,63,25,3,39,'Not Received'),
(631,63,31,27,2052,'Not Received'),
(632,63,37,6,132,'Not Received'),
(633,63,40,54,2160,'Not Received'),
(634,63,10,1,200,'Not Received'),
(635,63,11,1,200,'Not Received'),
(636,63,12,1,200,'Not Received'),
(637,63,13,1,200,'Not Received'),
(638,63,14,1,200,'Not Received'),
(639,63,3,24,3600,'Not Received'),
(640,63,19,24,192,'Not Received'),
(641,63,35,48,768,'Not Received'),
(642,64,1,23,1817,'Received'),
(643,64,2,23,1150,'Not Received'),
(644,64,3,23,3450,'Not Received'),
(645,64,15,23,276,'Not Received'),
(646,64,16,23,874,'Not Received'),
(647,64,17,92,92,'Not Received'),
(648,64,18,23,460,'Not Received'),
(649,64,19,23,184,'Not Received'),
(650,64,27,23,115,'Not Received'),
(651,64,28,23,1771,'Not Received'),
(652,64,29,46,2760,'Not Received'),
(653,64,30,23,46,'Not Received'),
(654,64,31,23,1748,'Not Received'),
(655,64,33,23,851,'Not Received'),
(656,64,34,23,345,'Not Received'),
(657,64,35,46,736,'Not Received'),
(658,64,39,23,874,'Not Received'),
(659,64,40,46,1840,'Not Received'),
(660,64,42,23,667,'Not Received'),
(661,64,52,23,230,'Not Received'),
(662,65,1,25,1975,'Received'),
(663,65,2,25,1250,'Received'),
(664,65,6,1,150,'Received'),
(665,65,15,25,300,'Received'),
(666,65,16,25,950,'Received'),
(667,65,17,100,100,'Received'),
(668,65,18,25,500,'Received'),
(669,65,22,1,8,'Received'),
(670,65,27,26,130,'Received'),
(671,65,28,25,1925,'Received'),
(672,65,29,50,3000,'Received'),
(673,65,30,25,50,'Received'),
(674,65,32,1,76,'Not Received'),
(675,65,33,25,925,'Not Received'),
(676,65,34,25,375,'Not Received'),
(677,65,36,2,32,'Not Received'),
(678,65,39,25,950,'Not Received'),
(679,65,41,2,80,'Not Received'),
(680,65,42,25,725,'Not Received'),
(681,65,52,25,250,'Not Received'),
(682,65,3,24,3600,'Not Received'),
(683,65,19,24,192,'Not Received'),
(684,65,31,24,1824,'Not Received'),
(685,65,35,48,768,'Not Received'),
(686,65,40,48,1920,'Not Received'),
(687,66,2,3,150,'Not Received'),
(688,66,5,22,3300,'Not Received'),
(689,66,15,147,1764,'Not Received'),
(690,66,16,172,6536,'Not Received'),
(691,66,17,688,688,'Not Received'),
(692,66,18,172,3440,'Not Received'),
(693,66,21,40,320,'Not Received'),
(694,66,27,352,1760,'Not Received'),
(695,66,28,172,13244,'Not Received'),
(696,66,29,294,17640,'Not Received'),
(697,66,30,109,218,'Not Received'),
(698,66,31,199,15124,'Not Received'),
(699,66,33,197,7289,'Not Received'),
(700,66,34,197,2955,'Not Received'),
(701,66,35,256,4096,'Not Received'),
(702,66,39,159,6042,'Not Received'),
(703,66,40,398,15920,'Not Received'),
(704,66,42,197,5713,'Not Received'),
(705,66,52,197,1970,'Not Received'),
(706,66,4,18,2700,'Not Received'),
(707,66,25,71,923,'Not Received'),
(708,66,37,142,3124,'Not Received'),
(709,66,11,24,4800,'Not Received'),
(710,66,3,19,2850,'Not Received'),
(711,66,19,16,128,'Not Received'),
(712,66,20,72,576,'Not Received'),
(713,66,1,5,280,'Not Received'),
(714,67,1,49,2744,'Not Received'),
(715,67,2,3,150,'Not Received'),
(716,67,5,22,3300,'Not Received'),
(717,67,15,147,1764,'Not Received'),
(718,67,16,172,6536,'Not Received'),
(719,67,17,688,688,'Not Received'),
(720,67,18,172,3440,'Not Received'),
(721,67,21,40,320,'Not Received'),
(722,67,27,352,1760,'Not Received'),
(723,67,28,172,13244,'Not Received'),
(724,67,29,294,17640,'Not Received'),
(725,67,30,109,218,'Not Received'),
(726,67,31,199,15124,'Not Received'),
(727,67,33,197,7289,'Not Received'),
(728,67,34,197,2955,'Not Received'),
(729,67,35,256,4096,'Not Received'),
(730,67,39,159,6042,'Not Received'),
(731,67,40,398,15920,'Not Received'),
(732,67,42,197,5713,'Not Received'),
(733,67,52,197,1970,'Not Received'),
(734,67,4,18,2700,'Not Received'),
(735,67,25,71,923,'Not Received'),
(736,67,37,142,3124,'Not Received'),
(737,67,11,24,4800,'Not Received'),
(738,67,3,19,2850,'Not Received'),
(739,67,19,16,128,'Not Received'),
(740,67,20,72,576,'Not Received'),
(741,68,1,49,2744,'Not Received'),
(742,68,2,3,150,'Not Received'),
(743,68,5,22,3300,'Not Received'),
(744,68,15,147,1764,'Not Received'),
(745,68,16,172,6536,'Not Received'),
(746,68,17,688,688,'Not Received'),
(747,68,18,172,3440,'Not Received'),
(748,68,21,40,320,'Not Received'),
(749,68,27,352,1760,'Not Received'),
(750,68,28,172,13244,'Not Received'),
(751,68,29,294,17640,'Not Received'),
(752,68,30,109,218,'Not Received'),
(753,68,31,199,15124,'Not Received'),
(754,68,33,197,7289,'Not Received'),
(755,68,34,197,2955,'Not Received'),
(756,68,35,256,4096,'Not Received'),
(757,68,39,159,6042,'Not Received'),
(758,68,40,398,15920,'Not Received'),
(759,68,42,197,5713,'Not Received'),
(760,68,52,197,1970,'Not Received'),
(761,68,4,18,2700,'Not Received'),
(762,68,25,71,923,'Not Received'),
(763,68,37,142,3124,'Not Received'),
(764,68,11,24,4800,'Not Received'),
(765,68,3,19,2850,'Not Received'),
(766,68,19,16,128,'Not Received'),
(767,68,20,72,576,'Not Received'),
(768,69,1,49,2744,'Not Received'),
(769,69,2,3,150,'Not Received'),
(770,69,5,22,3300,'Not Received'),
(771,69,15,147,1764,'Not Received'),
(772,69,16,172,6536,'Not Received'),
(773,69,17,688,688,'Not Received'),
(774,69,18,172,3440,'Not Received'),
(775,69,21,40,320,'Not Received'),
(776,69,27,352,1760,'Not Received'),
(777,69,28,172,13244,'Not Received'),
(778,69,29,294,17640,'Not Received'),
(779,69,30,109,218,'Not Received'),
(780,69,31,199,15124,'Not Received'),
(781,69,33,197,7289,'Not Received'),
(782,69,34,197,2955,'Not Received'),
(783,69,35,256,4096,'Not Received'),
(784,69,39,159,6042,'Not Received'),
(785,69,40,398,15920,'Not Received'),
(786,69,42,197,5713,'Not Received'),
(787,69,52,197,1970,'Not Received'),
(788,69,4,18,2700,'Not Received'),
(789,69,25,71,923,'Not Received'),
(790,69,37,142,3124,'Not Received'),
(791,69,11,24,4800,'Not Received'),
(792,69,3,19,2850,'Not Received'),
(793,69,19,16,128,'Not Received'),
(794,69,20,72,576,'Not Received'),
(795,70,1,49,2744,'Not Received'),
(796,70,2,3,150,'Not Received'),
(797,70,5,22,3300,'Not Received'),
(798,70,15,147,1764,'Not Received'),
(799,70,16,172,6536,'Not Received'),
(800,70,17,688,688,'Not Received'),
(801,70,18,172,3440,'Not Received'),
(802,70,21,40,320,'Not Received'),
(803,70,27,352,1760,'Not Received'),
(804,70,28,172,13244,'Not Received'),
(805,70,29,294,17640,'Not Received'),
(806,70,30,109,218,'Not Received'),
(807,70,31,199,15124,'Not Received'),
(808,70,33,197,7289,'Not Received'),
(809,70,34,197,2955,'Not Received'),
(810,70,35,256,4096,'Not Received'),
(811,70,39,159,6042,'Not Received'),
(812,70,40,398,15920,'Not Received'),
(813,70,42,197,5713,'Not Received'),
(814,70,52,197,1970,'Not Received'),
(815,70,4,18,2700,'Not Received'),
(816,70,25,71,923,'Not Received'),
(817,70,37,142,3124,'Not Received'),
(818,70,11,24,4800,'Not Received'),
(819,70,3,19,2850,'Not Received'),
(820,70,19,16,128,'Not Received'),
(821,70,20,72,576,'Not Received'),
(822,71,1,14,784,'Not Received'),
(823,71,5,9,1350,'Not Received'),
(824,71,15,112,1344,'Not Received'),
(825,71,16,137,5206,'Not Received'),
(826,71,17,548,548,'Not Received'),
(827,71,18,137,2740,'Not Received'),
(828,71,21,31,248,'Not Received'),
(829,71,27,290,1450,'Not Received'),
(830,71,28,137,10549,'Not Received'),
(831,71,29,224,13440,'Not Received'),
(832,71,30,77,154,'Not Received'),
(833,71,31,164,12464,'Not Received'),
(834,71,33,162,5994,'Not Received'),
(835,71,34,162,2430,'Not Received'),
(836,71,35,202,3232,'Not Received'),
(837,71,39,127,4826,'Not Received'),
(838,71,40,328,13120,'Not Received'),
(839,71,42,162,4698,'Not Received'),
(840,71,52,162,1620,'Not Received'),
(841,71,9,5,1000,'Not Received'),
(842,71,25,63,819,'Not Received'),
(843,71,37,126,2772,'Not Received'),
(844,72,1,14,784,'Not Received'),
(845,72,5,8,1200,'Not Received'),
(846,72,15,112,1344,'Not Received'),
(847,72,16,137,5206,'Not Received'),
(848,72,17,548,548,'Not Received'),
(849,72,18,137,2740,'Not Received'),
(850,72,21,30,240,'Not Received'),
(851,72,27,290,1450,'Not Received'),
(852,72,28,137,10549,'Not Received'),
(853,72,29,224,13440,'Not Received'),
(854,72,30,78,156,'Not Received'),
(855,72,31,164,12464,'Not Received'),
(856,72,33,162,5994,'Not Received'),
(857,72,34,162,2430,'Not Received'),
(858,72,35,200,3200,'Not Received'),
(859,72,39,128,4864,'Not Received'),
(860,72,40,328,13120,'Not Received'),
(861,72,42,162,4698,'Not Received'),
(862,72,52,162,1620,'Not Received'),
(863,72,4,9,1350,'Not Received'),
(864,72,25,64,832,'Not Received'),
(865,72,37,128,2816,'Not Received');
/*!40000 ALTER TABLE `Order_Detailed_Part` ENABLE KEYS */;

-- 
-- Definition of Order_Details
-- 

DROP TABLE IF EXISTS `Order_Details`;
CREATE TABLE IF NOT EXISTS `Order_Details` (
  `Id_Order_Details` int NOT NULL AUTO_INCREMENT,
  `Bike_Type` varchar(45) NOT NULL,
  `Bike_Size` varchar(45) NOT NULL,
  `Bike_Color` varchar(45) NOT NULL,
  `Price` decimal(10,0) NOT NULL,
  `Bike_Status` varchar(45) NOT NULL,
  `Id_Order` int DEFAULT NULL,
  PRIMARY KEY (`Id_Order_Details`),
  KEY `FK_Order_idx` (`Id_Order`),
  KEY `FK_Type_idx` (`Bike_Type`),
  CONSTRAINT `FK_Order` FOREIGN KEY (`Id_Order`) REFERENCES `Order_Bikes` (`Id_Order`) ON DELETE CASCADE ON UPDATE CASCADE
) ENGINE=InnoDB AUTO_INCREMENT=4055 DEFAULT CHARSET=utf8mb4 COLLATE=utf8mb4_0900_ai_ci;

-- 
-- Dumping data for table Order_Details
-- 

/*!40000 ALTER TABLE `Order_Details` DISABLE KEYS */;
INSERT INTO `Order_Details`(`Id_Order_Details`,`Bike_Type`,`Bike_Size`,`Bike_Color`,`Price`,`Bike_Status`,`Id_Order`) VALUES
(3624,'City','26','Red',859,'Closed',344),
(3629,'City','26','Blue',864,'Closed',344),
(3680,'City','26','Red',859,'Closed',353),
(3681,'City','26','Red',859,'Closed',353),
(3682,'City','26','Red',859,'Closed',353),
(3683,'City','26','Red',859,'Closed',353),
(3684,'City','26','Red',859,'Closed',353),
(3689,'City','26','Blue',864,'Closed',356),
(3690,'City','26','Blue',864,'Closed',356),
(3691,'City','26','Blue',864,'Closed',356),
(3692,'City','26','Blue',864,'Closed',356),
(3693,'City','26','Blue',864,'Closed',356),
(3694,'City','26','Blue',864,'Closed',356),
(3697,'City','26','Black',864,'Closed',344),
(3698,'City','26','Black',864,'Closed',344),
(3699,'City','26','Black',864,'Closed',344),
(3700,'City','26','Black',864,'Closed',344),
(3701,'City','26','Black',864,'Closed',344),
(3702,'City','26','Black',864,'Closed',344),
(3704,'City','26','Black',864,'Closed',353),
(3735,'Adventure','26','Red',881,'Closed',346),
(3736,'Adventure','26','Red',881,'Closed',346),
(3737,'Adventure','26','Red',881,'Closed',346),
(3738,'Adventure','26','Red',881,'Closed',346),
(3739,'Adventure','26','Red',881,'Closed',346),
(3740,'Adventure','26','Red',881,'Closed',346),
(3741,'Adventure','26','Red',881,'Closed',346),
(3742,'Adventure','26','Red',881,'Closed',346),
(3743,'Adventure','26','Red',881,'Closed',346),
(3744,'Adventure','26','Red',881,'Closed',346),
(3745,'Adventure','26','Blue',881,'Closed',346),
(3746,'Adventure','26','Blue',881,'Closed',346),
(3747,'Adventure','26','Blue',881,'Closed',346),
(3748,'Adventure','26','Blue',881,'Closed',346),
(3749,'Adventure','26','Blue',881,'Closed',346),
(3750,'Adventure','26','Blue',881,'Closed',346),
(3751,'Adventure','26','Blue',881,'Closed',346),
(3752,'Adventure','26','Blue',881,'Closed',346),
(3753,'Adventure','26','Blue',881,'Closed',346),
(3754,'Adventure','26','Blue',881,'Closed',346),
(3755,'Adventure','26','Black',881,'Closed',346),
(3756,'Adventure','26','Black',881,'Closed',346),
(3757,'Adventure','26','Black',881,'Closed',346),
(3758,'Adventure','26','Black',881,'Closed',346),
(3759,'Adventure','26','Black',881,'Closed',346),
(3760,'Adventure','26','Black',881,'Closed',346),
(3761,'Adventure','26','Black',881,'Closed',346),
(3762,'Adventure','26','Black',881,'Closed',346),
(3763,'Adventure','26','Black',881,'Closed',346),
(3764,'Adventure','26','Black',881,'Closed',346),
(3765,'Explorer','26','Red',891,'New',348),
(3766,'Explorer','26','Red',891,'New',348),
(3767,'Explorer','26','Red',891,'New',348),
(3768,'Explorer','26','Red',891,'New',348),
(3769,'Explorer','26','Red',891,'New',348),
(3770,'Explorer','26','Red',891,'New',348),
(3771,'Explorer','26','Red',891,'New',348),
(3772,'Explorer','26','Red',891,'New',348),
(3773,'Explorer','26','Red',891,'New',348),
(3774,'Explorer','26','Red',891,'New',348),
(3795,'Explorer','26','Red',891,'New',349),
(3796,'Explorer','26','Red',891,'New',349),
(3797,'Explorer','26','Red',891,'New',349),
(3798,'Explorer','26','Red',891,'New',349),
(3799,'Explorer','26','Red',891,'New',349),
(3800,'Explorer','26','Red',891,'New',349),
(3801,'Explorer','26','Red',891,'Closed',349),
(3802,'Explorer','26','Red',891,'Closed',349),
(3803,'Explorer','26','Red',891,'Closed',349),
(3804,'Explorer','26','Red',891,'Closed',349),
(3805,'Explorer','26','Blue',891,'Closed',348),
(3806,'Explorer','26','Blue',891,'Closed',348),
(3807,'Explorer','26','Blue',891,'Closed',348),
(3808,'Explorer','26','Blue',891,'Closed',348),
(3809,'Explorer','26','Blue',891,'Closed',348),
(3810,'Explorer','26','Blue',891,'Closed',348),
(3811,'Explorer','26','Blue',891,'Closed',348),
(3812,'Explorer','26','Blue',891,'Closed',348),
(3813,'Explorer','26','Blue',891,'Closed',348),
(3814,'Explorer','26','Blue',891,'Closed',348),
(3815,'Explorer','26','Black',891,'Closed',348),
(3816,'Explorer','26','Black',891,'Closed',348),
(3817,'Explorer','26','Black',891,'Closed',348),
(3818,'Explorer','26','Black',891,'Closed',348),
(3819,'Explorer','26','Black',891,'Closed',348),
(3820,'Explorer','26','Black',891,'Closed',348),
(3821,'Explorer','26','Black',891,'Closed',348),
(3822,'Explorer','26','Black',891,'Closed',348),
(3823,'Explorer','26','Black',891,'Closed',348),
(3824,'Explorer','26','Black',891,'Closed',348),
(3825,'City','26','Red',859,'Closed',350),
(3826,'City','26','Red',859,'New',350),
(3827,'City','26','Red',859,'New',350),
(3828,'City','26','Red',859,'New',350),
(3829,'City','26','Red',859,'New',350),
(3830,'City','26','Red',859,'New',350),
(3831,'City','26','Red',859,'Closed',350),
(3832,'City','26','Red',859,'Closed',350),
(3833,'City','26','Red',859,'Closed',350),
(3834,'City','26','Red',859,'Closed',350),
(3835,'City','26','Blue',864,'Closed',350),
(3836,'City','26','Blue',864,'Closed',350),
(3837,'City','26','Blue',864,'New',350),
(3838,'City','26','Blue',864,'Closed',350),
(3839,'City','26','Blue',864,'Closed',350),
(3840,'City','26','Blue',864,'Closed',350),
(3841,'City','26','Blue',864,'Closed',350),
(3842,'City','26','Blue',864,'Closed',350),
(3843,'City','26','Blue',864,'Closed',350),
(3844,'City','26','Blue',864,'Closed',350),
(3845,'City','26','Black',864,'Closed',350),
(3846,'City','26','Black',864,'Closed',350),
(3847,'City','26','Black',864,'Closed',350),
(3848,'City','26','Black',864,'Closed',350),
(3849,'City','26','Black',864,'Closed',350),
(3850,'City','26','Black',864,'Closed',350),
(3851,'City','26','Black',864,'Closed',350),
(3852,'City','26','Black',864,'Closed',350),
(3853,'City','26','Black',864,'Closed',350),
(3854,'City','26','Black',864,'Closed',350),
(3862,'Explorer','26','Black',891,'Closed',352),
(3863,'Explorer','26','Black',891,'Closed',352),
(3864,'Explorer','26','Black',891,'Closed',352),
(3868,'Explorer','26','Black',891,'New',352),
(3869,'Explorer','26','Black',891,'New',352),
(3875,'City','26','Red',859,'New',353),
(3876,'City','26','Red',859,'New',353),
(3877,'City','26','Red',859,'New',353),
(3878,'City','26','Red',859,'New',353),
(3879,'City','26','Red',859,'New',353),
(3880,'City','26','Blue',864,'New',353),
(3881,'City','26','Blue',864,'New',353),
(3882,'City','26','Blue',864,'New',353),
(3883,'City','26','Blue',864,'New',353),
(3884,'City','26','Blue',864,'New',353),
(3885,'City','26','Blue',864,'New',353),
(3886,'City','26','Blue',864,'New',353),
(3887,'City','26','Blue',864,'New',353),
(3888,'City','26','Blue',864,'New',353),
(3889,'City','26','Blue',864,'New',353),
(3891,'City','26','Black',864,'New',353),
(3892,'City','26','Black',864,'New',353),
(3893,'City','26','Black',864,'New',353),
(3894,'City','26','Black',864,'New',353),
(3895,'City','26','Black',864,'New',353),
(3896,'City','26','Black',864,'New',353),
(3897,'City','26','Black',864,'New',353),
(3898,'City','26','Black',864,'New',353),
(3899,'City','26','Black',864,'New',353),
(3900,'Adventure','26','Blue',881,'New',354),
(3901,'Adventure','26','Blue',881,'New',354),
(3902,'City','26','Red',859,'New',355),
(3903,'City','26','Red',859,'New',355),
(3904,'City','26','Red',859,'New',355),
(3905,'City','26','Red',859,'New',355),
(3906,'City','26','Red',859,'New',355),
(3907,'City','26','Red',859,'New',355),
(3908,'City','26','Red',859,'New',355),
(3909,'City','26','Red',859,'New',355),
(3910,'City','26','Red',859,'New',355),
(3911,'City','26','Red',859,'New',355),
(3912,'City','26','Blue',864,'New',355),
(3913,'City','26','Blue',864,'New',355),
(3914,'City','26','Blue',864,'New',355),
(3915,'City','26','Blue',864,'New',355),
(3916,'City','26','Blue',864,'New',355),
(3917,'City','26','Blue',864,'New',355),
(3918,'City','26','Blue',864,'New',355),
(3919,'City','26','Blue',864,'New',355),
(3920,'City','26','Blue',864,'New',355),
(3921,'City','26','Blue',864,'New',355),
(3922,'City','26','Black',864,'New',355),
(3923,'City','26','Black',864,'New',355),
(3924,'City','26','Black',864,'New',355),
(3925,'City','26','Black',864,'New',355),
(3926,'City','26','Black',864,'New',355),
(3927,'City','26','Black',864,'New',355),
(3928,'City','26','Black',864,'New',355),
(3929,'City','26','Black',864,'New',355),
(3930,'City','26','Black',864,'New',355),
(3931,'City','26','Black',864,'New',355),
(3932,'City','26','Red',859,'New',356),
(3933,'City','26','Red',859,'New',356),
(3934,'City','26','Red',859,'New',356),
(3935,'City','26','Red',859,'New',356),
(3936,'City','26','Red',859,'New',356),
(3937,'City','26','Red',859,'New',356),
(3938,'City','26','Red',859,'New',356),
(3939,'City','26','Red',859,'New',356),
(3940,'City','26','Red',859,'New',356),
(3941,'City','26','Red',859,'New',356),
(3948,'City','26','Blue',864,'New',356),
(3949,'City','26','Blue',864,'New',356),
(3950,'City','26','Blue',864,'New',356),
(3951,'City','26','Blue',864,'New',356),
(3952,'City','26','Black',864,'New',356),
(3953,'City','26','Black',864,'New',356),
(3954,'City','26','Black',864,'New',356),
(3955,'City','26','Black',864,'New',356),
(3956,'City','26','Black',864,'New',356),
(3957,'City','26','Black',864,'New',356),
(3958,'City','26','Black',864,'New',356),
(3959,'City','26','Black',864,'New',356),
(3960,'City','26','Black',864,'New',356),
(3961,'City','26','Black',864,'New',356),
(3966,'City','26','Blue',864,'New',357),
(3967,'City','26','Blue',864,'New',357),
(3968,'City','26','Blue',864,'New',357),
(3969,'City','26','Blue',864,'New',357),
(3970,'City','26','Blue',864,'New',357),
(3971,'City','26','Blue',864,'New',357),
(3972,'City','26','Blue',864,'New',357),
(3973,'City','26','Blue',864,'New',357),
(3974,'City','26','Blue',864,'New',357),
(3975,'City','26','Blue',864,'New',357),
(3976,'City','26','Blue',864,'New',357),
(3977,'City','26','Blue',864,'New',357),
(3978,'City','26','Blue',864,'New',357),
(3979,'City','26','Blue',864,'New',357),
(3980,'City','26','Blue',864,'New',357),
(3981,'City','26','Blue',864,'New',357),
(3982,'City','26','Blue',864,'New',357),
(3983,'City','26','Blue',864,'New',357),
(3984,'City','26','Blue',864,'New',357),
(3985,'City','26','Blue',864,'New',357),
(3986,'City','26','Blue',864,'New',357),
(3987,'City','26','Blue',864,'New',357),
(3988,'City','26','Blue',864,'New',357),
(3989,'City','26','Blue',864,'New',357),
(3990,'City','26','Blue',864,'New',357),
(3991,'City','26','Blue',864,'New',357),
(3992,'City','26','Blue',864,'New',357),
(3993,'City','26','Blue',864,'New',357),
(3994,'City','26','Blue',864,'New',357),
(3995,'City','26','Blue',864,'New',357),
(3996,'City','26','Blue',864,'New',357),
(3997,'City','26','Blue',864,'New',357),
(3998,'City','26','Blue',864,'New',357),
(3999,'City','26','Blue',864,'New',357),
(4000,'City','26','Blue',864,'New',357),
(4001,'City','26','Blue',864,'New',357),
(4002,'City','26','Blue',864,'New',357),
(4003,'City','26','Blue',864,'New',357),
(4004,'City','26','Blue',864,'Closed',357),
(4005,'City','26','Blue',864,'Closed',357),
(4006,'City','26','Blue',864,'Closed',357),
(4007,'City','26','Blue',864,'Closed',357),
(4008,'City','26','Blue',864,'Closed',357),
(4009,'City','26','Blue',864,'Closed',357),
(4010,'City','26','Blue',864,'Closed',357),
(4011,'City','26','Blue',864,'Closed',357),
(4012,'City','26','Blue',864,'Closed',357),
(4013,'City','26','Blue',864,'Closed',357),
(4014,'City','26','Blue',864,'Closed',357),
(4015,'City','26','Blue',864,'New',357),
(4016,'City','26','Blue',864,'Closed',357),
(4017,'City','26','Blue',864,'Closed',357),
(4018,'City','26','Blue',864,'Closed',357),
(4019,'City','26','Blue',864,'Closed',357),
(4020,'City','26','Blue',864,'New',357),
(4021,'City','26','Blue',864,'Closed',357),
(4022,'City','26','Blue',864,'New',357),
(4023,'City','26','Blue',864,'New',357),
(4024,'City','26','Blue',864,'New',357),
(4025,'City','26','Blue',864,'New',357),
(4026,'City','26','Blue',864,'New',357),
(4027,'City','26','Blue',864,'New',357),
(4028,'City','26','Blue',864,'New',357),
(4029,'City','26','Blue',864,'New',357),
(4030,'Adventure','28','Blue',881,'New',358),
(4031,'Adventure','28','Blue',881,'New',358),
(4032,'Adventure','28','Blue',881,'New',358),
(4033,'Adventure','28','Blue',881,'New',358),
(4034,'Adventure','28','Blue',881,'New',358),
(4035,'City','26','Blue',864,'New',359),
(4036,'City','26','Blue',864,'New',359),
(4037,'City','26','Blue',864,'New',359),
(4038,'City','26','Blue',864,'New',359),
(4039,'City','26','Blue',864,'New',359),
(4040,'City','26','Blue',864,'New',359),
(4041,'City','26','Blue',864,'New',359),
(4042,'City','26','Blue',864,'New',359),
(4043,'City','26','Blue',864,'New',359),
(4044,'City','26','Blue',864,'New',359),
(4045,'City','26','Blue',864,'New',359),
(4046,'City','26','Blue',864,'New',359),
(4047,'City','26','Blue',864,'New',359),
(4048,'City','26','Blue',864,'New',359),
(4049,'City','26','Blue',864,'New',359),
(4050,'City','26','Blue',864,'New',359),
(4051,'City','26','Blue',864,'Closed',357),
(4052,'City','26','Blue',864,'Closed',357),
(4053,'City','26','Blue',864,'Closed',357),
(4054,'City','26','Blue',864,'Closed',357);
/*!40000 ALTER TABLE `Order_Details` ENABLE KEYS */;

-- 
-- Definition of Order_Part
-- 

DROP TABLE IF EXISTS `Order_Part`;
CREATE TABLE IF NOT EXISTS `Order_Part` (
  `id_Order_Part` int NOT NULL AUTO_INCREMENT,
  `Week_Name` varchar(45) DEFAULT NULL,
  `Total_Price` int DEFAULT NULL,
  `Order_Date` varchar(45) DEFAULT NULL,
  PRIMARY KEY (`id_Order_Part`)
) ENGINE=InnoDB AUTO_INCREMENT=73 DEFAULT CHARSET=utf8mb4 COLLATE=utf8mb4_0900_ai_ci;

-- 
-- Dumping data for table Order_Part
-- 

/*!40000 ALTER TABLE `Order_Part` DISABLE KEYS */;
INSERT INTO `Order_Part`(`id_Order_Part`,`Week_Name`,`Total_Price`,`Order_Date`) VALUES
(61,'15',48015,'10/04/2021 18:23:52'),
(62,'16',38894,'17/04/2021 12:12:33'),
(63,'17',29364,'17/04/2021 12:13:05'),
(64,'19',20286,'17/04/2021 12:13:16'),
(65,'20',22055,'17/04/2021 12:13:26'),
(66,'17',123550,'25/04/2021 16:17:12'),
(67,'17',126014,'25/04/2021 16:18:30'),
(68,'17',126014,'25/04/2021 16:43:15'),
(69,'17',126014,'25/04/2021 16:45:52'),
(70,'17',126014,'25/04/2021 16:49:53'),
(71,'21',90788,'25/04/2021 16:52:50'),
(72,'23',91045,'25/04/2021 16:55:27');
/*!40000 ALTER TABLE `Order_Part` ENABLE KEYS */;

-- 
-- Definition of Parts
-- 

DROP TABLE IF EXISTS `Parts`;
CREATE TABLE IF NOT EXISTS `Parts` (
  `Id_Bike_Parts` int NOT NULL,
  `Bikes_Id` int NOT NULL
) ENGINE=InnoDB DEFAULT CHARSET=utf8mb4 COLLATE=utf8mb4_0900_ai_ci;

-- 
-- Dumping data for table Parts
-- 

/*!40000 ALTER TABLE `Parts` DISABLE KEYS */;
INSERT INTO `Parts`(`Id_Bike_Parts`,`Bikes_Id`) VALUES
(1,2),
(1,3),
(1,4),
(1,5),
(1,6),
(1,7),
(1,8),
(1,9),
(1,10),
(1,11),
(1,12),
(1,13),
(1,14),
(1,15),
(1,16),
(1,17),
(1,18),
(2,2),
(2,3),
(2,4),
(2,5),
(2,6),
(2,7),
(2,8),
(2,9),
(2,10),
(2,11),
(2,12),
(2,13),
(2,14),
(2,15),
(2,16),
(2,17),
(2,18),
(3,7),
(4,2),
(4,8),
(5,3),
(5,9),
(6,4),
(6,10),
(7,5),
(7,11),
(8,6),
(8,12),
(9,13),
(10,14),
(11,15),
(12,16),
(13,17),
(14,18),
(15,2),
(15,3),
(15,4),
(15,5),
(15,6),
(15,7),
(15,8),
(15,9),
(15,10),
(15,11),
(15,12),
(15,13),
(15,14),
(15,15),
(15,16),
(15,17),
(15,18),
(16,2),
(16,3),
(16,4),
(16,5),
(16,6),
(16,7),
(16,8),
(16,9),
(16,10),
(16,11),
(16,12),
(16,13),
(16,14),
(16,15),
(16,16),
(16,17),
(16,18),
(17,2),
(17,3),
(17,4),
(17,5),
(17,6),
(17,7),
(17,8),
(17,9),
(17,10),
(17,11),
(17,12),
(17,13),
(17,14),
(17,15),
(17,16),
(17,17),
(17,18),
(18,2),
(18,3),
(18,4),
(18,5),
(18,6),
(18,7),
(18,8),
(18,9),
(18,10),
(18,11),
(18,12),
(18,13),
(18,14),
(18,15),
(18,16),
(18,17),
(18,18),
(20,2),
(21,3),
(22,4),
(23,5),
(24,6),
(25,7),
(25,8),
(25,9),
(25,13),
(25,14),
(25,15),
(26,10),
(26,11),
(26,12),
(26,16),
(26,17),
(26,18),
(27,2),
(27,3),
(27,4),
(27,5),
(27,6),
(27,7),
(27,8),
(27,9),
(27,10),
(27,11),
(27,12),
(27,13),
(27,14),
(27,15),
(27,16),
(27,17),
(27,18),
(28,2),
(28,3),
(28,4),
(28,5),
(28,6),
(28,7),
(28,8),
(28,9),
(28,10),
(28,11),
(28,12),
(28,13),
(28,14),
(28,15),
(28,16),
(28,17),
(28,18),
(29,2),
(29,3),
(29,4),
(29,5),
(29,6),
(29,7),
(29,8),
(29,9),
(29,10),
(29,11),
(29,12),
(29,13),
(29,14),
(29,15),
(29,16),
(29,17),
(29,18),
(30,2),
(30,3),
(30,4),
(30,5),
(30,6),
(30,7),
(30,8),
(30,9),
(30,10),
(30,11),
(30,12),
(31,2),
(31,3),
(31,7),
(31,8),
(31,9),
(31,13),
(31,14),
(31,15),
(32,4),
(32,5),
(32,6),
(32,10),
(32,11),
(32,12),
(32,16),
(32,17),
(32,18),
(33,2),
(33,3),
(33,4),
(33,5),
(33,6),
(33,7),
(33,8),
(33,9),
(33,10),
(33,11),
(33,12),
(33,13),
(33,14),
(33,15),
(33,16),
(33,17),
(33,18),
(34,2),
(34,3),
(34,4),
(34,5),
(34,6),
(34,7),
(34,8),
(34,9),
(34,10),
(34,11),
(34,12),
(34,13),
(34,14),
(34,15),
(34,16),
(34,17),
(34,18),
(35,1),
(35,2),
(35,3),
(36,4),
(36,5),
(36,6),
(37,7),
(37,8),
(37,9),
(37,13),
(37,14),
(37,15),
(38,10),
(38,11),
(38,12),
(38,16),
(38,17),
(38,18),
(39,2),
(39,3),
(39,4),
(39,5),
(39,6),
(39,7),
(39,8),
(39,9),
(39,10),
(39,11),
(39,12),
(40,2),
(40,3),
(40,7),
(40,8),
(40,9),
(40,13),
(40,14),
(40,15),
(41,4),
(41,5),
(41,6),
(41,10),
(41,11),
(41,12),
(41,16),
(41,17),
(41,18),
(42,2),
(42,3),
(42,4),
(42,5),
(42,6),
(42,7),
(42,8),
(42,9),
(42,10),
(42,11),
(42,12),
(42,13),
(42,14),
(42,15),
(42,16),
(42,17),
(42,18),
(52,2),
(52,3),
(52,4),
(52,5),
(52,6),
(52,7),
(52,8),
(52,9),
(52,10),
(52,11),
(52,12),
(52,13),
(52,14),
(52,15),
(52,16),
(52,17),
(52,18),
(35,1),
(17,2),
(17,2),
(17,2),
(27,2),
(29,2),
(35,2),
(40,2),
(17,3),
(17,3),
(17,3),
(27,3),
(29,3),
(35,3),
(40,3),
(17,4),
(17,4),
(17,4),
(27,4),
(29,4),
(36,4),
(41,4),
(17,5),
(17,5),
(17,5),
(27,5),
(29,5),
(36,5),
(41,5),
(17,6),
(17,6),
(17,6),
(27,6),
(29,6),
(36,6),
(41,6),
(17,7),
(17,7),
(17,7),
(27,7),
(29,7),
(37,7),
(40,7),
(17,8),
(17,8),
(17,8),
(27,8),
(29,8),
(37,8),
(40,8),
(17,9),
(17,9),
(17,9),
(27,9),
(29,9),
(37,9),
(40,9),
(17,10),
(17,10),
(17,10),
(27,10),
(29,10),
(38,10),
(41,10),
(17,11),
(17,11),
(17,11),
(27,11),
(29,11),
(38,11),
(41,11),
(17,12),
(17,12),
(17,12),
(27,12),
(29,12),
(38,12),
(41,12),
(17,13),
(17,13),
(17,13),
(27,13),
(29,13),
(37,13),
(40,13),
(17,14),
(17,14),
(17,14),
(27,14),
(29,14),
(37,14),
(40,14),
(17,15),
(17,15),
(17,15),
(27,15),
(29,15),
(37,15),
(40,15),
(17,16),
(17,16),
(17,16),
(27,16),
(29,16),
(38,16),
(41,16),
(17,17),
(17,17),
(17,17),
(27,17),
(29,17),
(38,17),
(41,17),
(17,18),
(17,18),
(17,18),
(27,18),
(29,18),
(38,18),
(41,18),
(1,1),
(2,1),
(3,1),
(15,1),
(16,1),
(17,1),
(17,1),
(17,1),
(17,1),
(18,1),
(19,1),
(27,1),
(28,1),
(29,1),
(29,1),
(31,1),
(33,1),
(34,1),
(39,1),
(40,1),
(40,1),
(42,1),
(52,1),
(30,1),
(1,41),
(2,41),
(3,41);
/*!40000 ALTER TABLE `Parts` ENABLE KEYS */;

-- 
-- Definition of Users
-- 

DROP TABLE IF EXISTS `Users`;
CREATE TABLE IF NOT EXISTS `Users` (
  `id_User` int NOT NULL AUTO_INCREMENT,
  `Login` varchar(45) NOT NULL,
  `Role` varchar(45) NOT NULL,
  `Order` varchar(200) DEFAULT NULL,
  PRIMARY KEY (`id_User`)
) ENGINE=InnoDB AUTO_INCREMENT=37 DEFAULT CHARSET=utf8mb4 COLLATE=utf8mb4_0900_ai_ci;

-- 
-- Dumping data for table Users
-- 

/*!40000 ALTER TABLE `Users` DISABLE KEYS */;
INSERT INTO `Users`(`id_User`,`Login`,`Role`,`Order`) VALUES
(13,'Manager','Production Manager',NULL),
(22,'Assembler1','Assembler',NULL),
(23,'Assembler2','Assembler',NULL),
(24,'Assembler3','Assembler',NULL),
(25,'Representative1','Representative',NULL),
(35,'Representative2','Representative',NULL),
(36,'Representative3','Representative',NULL);
/*!40000 ALTER TABLE `Users` ENABLE KEYS */;


/*!40101 SET SQL_MODE=@OLD_SQL_MODE */;
/*!40014 SET FOREIGN_KEY_CHECKS=@OLD_FOREIGN_KEY_CHECKS */;
/*!40014 SET UNIQUE_CHECKS=@OLD_UNIQUE_CHECKS */;
/*!40101 SET CHARACTER_SET_CLIENT=@OLD_CHARACTER_SET_CLIENT */;
/*!40101 SET CHARACTER_SET_RESULTS=@OLD_CHARACTER_SET_RESULTS */;
/*!40101 SET COLLATION_CONNECTION=@OLD_COLLATION_CONNECTION */;
/*!40111 SET SQL_NOTES=@OLD_SQL_NOTES */;


-- Dump completed on 2021-05-15 12:00:10
-- Total time: 0:0:0:0:738 (d:h:m:s:ms)
